Workbook

Sheet Dashboard
B2: 100 DAYS DSA SERIES — 100 Days · 100+ Problems
B3: Based on 'Most Asked DSA Interview Questions (0-3 YOE, 5-20 LPA)' — 13 topic pages, cleaned, de-duplicated, gaps filled.
B5: Start Date (edit me) | C5: 46289 | D5: ← all Planned Dates in the plan update from this cell
B6: Planned End Date | C6: =C5+99
B7: Today's Day # | C7: =IF(TODAY()<C5,"Not started",MIN(100,TODAY()-C5+1))
B9: OVERALL PROGRESS | E9: BY DIFFICULTY
B10: Total problems | C10: =COUNTA('100 Days Plan'!F2:F113) | E10: Difficulty | F10: Total | G10: Done
B11: Main problems (1 per day) | C11: =COUNTIF('100 Days Plan'!E2:E113,"Main") | E11: Easy | F11: =COUNTIF('100 Days Plan'!J2:J113,E11) | G11: =COUNTIFS('100 Days Plan'!J2:J113,E11,'100 Days Plan'!T2:T113,"Done")
B12: Bonus problems | C12: =COUNTIF('100 Days Plan'!E2:E113,"Bonus") | E12: Medium | F12: =COUNTIF('100 Days Plan'!J2:J113,E12) | G12: =COUNTIFS('100 Days Plan'!J2:J113,E12,'100 Days Plan'!T2:T113,"Done")
B13: Solved (Done) | C13: =COUNTIF('100 Days Plan'!T2:T113,"Done") | E13: Hard | F13: =COUNTIF('100 Days Plan'!J2:J113,E13) | G13: =COUNTIFS('100 Days Plan'!J2:J113,E13,'100 Days Plan'!T2:T113,"Done")
B14: In Progress | C14: =COUNTIF('100 Days Plan'!T2:T113,"In Progress")
B15: Marked for Revision | C15: =COUNTIF('100 Days Plan'!T2:T113,"Revise")
B16: % Complete | C16: =IFERROR(C13/C10,0)
B17: Avg Confidence (1-5) | C17: =IFERROR(AVERAGE('100 Days Plan'!W2:W113),"-")
B18: Total Time Spent (hrs) | C18: =SUM('100 Days Plan'!V2:V113)/60
B20: PROGRESS BY TOPIC
B21: Topic / Concept | C21: Days | D21: Problems | E21: Done | F21: Progress | G21: Easy / Med / Hard
B22: Arrays | C22: Day 1–8 | D22: =COUNTIF('100 Days Plan'!D2:D113,B22) | E22: =COUNTIFS('100 Days Plan'!D2:D113,B22,'100 Days Plan'!T2:T113,"Done") | F22: =IFERROR(E22/D22,0) | G22: =COUNTIFS('100 Days Plan'!D2:D113,B22,'100 Days Plan'!J2:J113,"Easy")&" / "&COUNTIFS('100 Days Plan'!D2:D113,B22,'100 Days Plan'!J2:J113,"Medium")&" / "&COUNTIFS('100 Days Plan'!D2:D113,B22,'100 Days Plan'!J2:J113,"Hard")
B23: Strings | C23: Day 9–14 | D23: =COUNTIF('100 Days Plan'!D2:D113,B23) | E23: =COUNTIFS('100 Days Plan'!D2:D113,B23,'100 Days Plan'!T2:T113,"Done") | F23: =IFERROR(E23/D23,0) | G23: =COUNTIFS('100 Days Plan'!D2:D113,B23,'100 Days Plan'!J2:J113,"Easy")&" / "&COUNTIFS('100 Days Plan'!D2:D113,B23,'100 Days Plan'!J2:J113,"Medium")&" / "&COUNTIFS('100 Days Plan'!D2:D113,B23,'100 Days Plan'!J2:J113,"Hard")
B24: Two Pointers & Sliding Window | C24: Day 15–22 | D24: =COUNTIF('100 Days Plan'!D2:D113,B24) | E24: =COUNTIFS('100 Days Plan'!D2:D113,B24,'100 Days Plan'!T2:T113,"Done") | F24: =IFERROR(E24/D24,0) | G24: =COUNTIFS('100 Days Plan'!D2:D113,B24,'100 Days Plan'!J2:J113,"Easy")&" / "&COUNTIFS('100 Days Plan'!D2:D113,B24,'100 Days Plan'!J2:J113,"Medium")&" / "&COUNTIFS('100 Days Plan'!D2:D113,B24,'100 Days Plan'!J2:J113,"Hard")
B25: Hashing & Prefix Sum | C25: Day 23–28 | D25: =COUNTIF('100 Days Plan'!D2:D113,B25) | E25: =COUNTIFS('100 Days Plan'!D2:D113,B25,'100 Days Plan'!T2:T113,"Done") | F25: =IFERROR(E25/D25,0) | G25: =COUNTIFS('100 Days Plan'!D2:D113,B25,'100 Days Plan'!J2:J113,"Easy")&" / "&COUNTIFS('100 Days Plan'!D2:D113,B25,'100 Days Plan'!J2:J113,"Medium")&" / "&COUNTIFS('100 Days Plan'!D2:D113,B25,'100 Days Plan'!J2:J113,"Hard")
B26: Linked List | C26: Day 29–35 | D26: =COUNTIF('100 Days Plan'!D2:D113,B26) | E26: =COUNTIFS('100 Days Plan'!D2:D113,B26,'100 Days Plan'!T2:T113,"Done") | F26: =IFERROR(E26/D26,0) | G26: =COUNTIFS('100 Days Plan'!D2:D113,B26,'100 Days Plan'!J2:J113,"Easy")&" / "&COUNTIFS('100 Days Plan'!D2:D113,B26,'100 Days Plan'!J2:J113,"Medium")&" / "&COUNTIFS('100 Days Plan'!D2:D113,B26,'100 Days Plan'!J2:J113,"Hard")
B27: Stacks & Queues | C27: Day 36–43 | D27: =COUNTIF('100 Days Plan'!D2:D113,B27) | E27: =COUNTIFS('100 Days Plan'!D2:D113,B27,'100 Days Plan'!T2:T113,"Done") | F27: =IFERROR(E27/D27,0) | G27: =COUNTIFS('100 Days Plan'!D2:D113,B27,'100 Days Plan'!J2:J113,"Easy")&" / "&COUNTIFS('100 Days Plan'!D2:D113,B27,'100 Days Plan'!J2:J113,"Medium")&" / "&COUNTIFS('100 Days Plan'!D2:D113,B27,'100 Days Plan'!J2:J113,"Hard")
B28: Binary Search | C28: Day 44–50 | D28: =COUNTIF('100 Days Plan'!D2:D113,B28) | E28: =COUNTIFS('100 Days Plan'!D2:D113,B28,'100 Days Plan'!T2:T113,"Done") | F28: =IFERROR(E28/D28,0) | G28: =COUNTIFS('100 Days Plan'!D2:D113,B28,'100 Days Plan'!J2:J113,"Easy")&" / "&COUNTIFS('100 Days Plan'!D2:D113,B28,'100 Days Plan'!J2:J113,"Medium")&" / "&COUNTIFS('100 Days Plan'!D2:D113,B28,'100 Days Plan'!J2:J113,"Hard")
B29: Trees & BST | C29: Day 51–59 | D29: =COUNTIF('100 Days Plan'!D2:D113,B29) | E29: =COUNTIFS('100 Days Plan'!D2:D113,B29,'100 Days Plan'!T2:T113,"Done") | F29: =IFERROR(E29/D29,0) | G29: =COUNTIFS('100 Days Plan'!D2:D113,B29,'100 Days Plan'!J2:J113,"Easy")&" / "&COUNTIFS('100 Days Plan'!D2:D113,B29,'100 Days Plan'!J2:J113,"Medium")&" / "&COUNTIFS('100 Days Plan'!D2:D113,B29,'100 Days Plan'!J2:J113,"Hard")
B30: Heaps / Priority Queue | C30: Day 60–65 | D30: =COUNTIF('100 Days Plan'!D2:D113,B30) | E30: =COUNTIFS('100 Days Plan'!D2:D113,B30,'100 Days Plan'!T2:T113,"Done") | F30: =IFERROR(E30/D30,0) | G30: =COUNTIFS('100 Days Plan'!D2:D113,B30,'100 Days Plan'!J2:J113,"Easy")&" / "&COUNTIFS('100 Days Plan'!D2:D113,B30,'100 Days Plan'!J2:J113,"Medium")&" / "&COUNTIFS('100 Days Plan'!D2:D113,B30,'100 Days Plan'!J2:J113,"Hard")
B31: Graphs (BFS / DFS) | C31: Day 66–73 | D31: =COUNTIF('100 Days Plan'!D2:D113,B31) | E31: =COUNTIFS('100 Days Plan'!D2:D113,B31,'100 Days Plan'!T2:T113,"Done") | F31: =IFERROR(E31/D31,0) | G31: =COUNTIFS('100 Days Plan'!D2:D113,B31,'100 Days Plan'!J2:J113,"Easy")&" / "&COUNTIFS('100 Days Plan'!D2:D113,B31,'100 Days Plan'!J2:J113,"Medium")&" / "&COUNTIFS('100 Days Plan'!D2:D113,B31,'100 Days Plan'!J2:J113,"Hard")
B32: Graph Algorithms | C32: Day 74–80 | D32: =COUNTIF('100 Days Plan'!D2:D113,B32) | E32: =COUNTIFS('100 Days Plan'!D2:D113,B32,'100 Days Plan'!T2:T113,"Done") | F32: =IFERROR(E32/D32,0) | G32: =COUNTIFS('100 Days Plan'!D2:D113,B32,'100 Days Plan'!J2:J113,"Easy")&" / "&COUNTIFS('100 Days Plan'!D2:D113,B32,'100 Days Plan'!J2:J113,"Medium")&" / "&COUNTIFS('100 Days Plan'!D2:D113,B32,'100 Days Plan'!J2:J113,"Hard")
B33: Greedy | C33: Day 81–87 | D33: =COUNTIF('100 Days Plan'!D2:D113,B33) | E33: =COUNTIFS('100 Days Plan'!D2:D113,B33,'100 Days Plan'!T2:T113,"Done") | F33: =IFERROR(E33/D33,0) | G33: =COUNTIFS('100 Days Plan'!D2:D113,B33,'100 Days Plan'!J2:J113,"Easy")&" / "&COUNTIFS('100 Days Plan'!D2:D113,B33,'100 Days Plan'!J2:J113,"Medium")&" / "&COUNTIFS('100 Days Plan'!D2:D113,B33,'100 Days Plan'!J2:J113,"Hard")
B34: Dynamic Programming | C34: Day 88–97 | D34: =COUNTIF('100 Days Plan'!D2:D113,B34) | E34: =COUNTIFS('100 Days Plan'!D2:D113,B34,'100 Days Plan'!T2:T113,"Done") | F34: =IFERROR(E34/D34,0) | G34: =COUNTIFS('100 Days Plan'!D2:D113,B34,'100 Days Plan'!J2:J113,"Easy")&" / "&COUNTIFS('100 Days Plan'!D2:D113,B34,'100 Days Plan'!J2:J113,"Medium")&" / "&COUNTIFS('100 Days Plan'!D2:D113,B34,'100 Days Plan'!J2:J113,"Hard")
B35: Capstone (Design & Backtracking) | C35: Day 98–100 | D35: =COUNTIF('100 Days Plan'!D2:D113,B35) | E35: =COUNTIFS('100 Days Plan'!D2:D113,B35,'100 Days Plan'!T2:T113,"Done") | F35: =IFERROR(E35/D35,0) | G35: =COUNTIFS('100 Days Plan'!D2:D113,B35,'100 Days Plan'!J2:J113,"Easy")&" / "&COUNTIFS('100 Days Plan'!D2:D113,B35,'100 Days Plan'!J2:J113,"Medium")&" / "&COUNTIFS('100 Days Plan'!D2:D113,B35,'100 Days Plan'!J2:J113,"Hard")
B36: TOTAL | D36: =SUM(D22:D35) | E36: =SUM(E22:E35)
B39: HOW TO USE THIS SHEET
B40: 1. Set your Start Date in the yellow cell C5 — every Planned Date and Revise-On date recalculates.
B41: 2. Each day: solve the Main problem. Bonus rows (italic) are optional extras on the same day.
B42: 3. First read Problem Statement → try it yourself 20–30 min → then read Brute Force → Optimal Approach.
B43: 4. Fill the light-yellow columns in the plan: Status (dropdown), Date Solved, Time Taken, Confidence 1–5, My Notes.
B44: 5. 'Revise On' = Date Solved + 7 days. It turns red if it's overdue and the problem isn't Done.
B45: 6. Filter by Topic / Difficulty / Status using the filter arrows on the header row.
B46: 7. Say the complexity out loud and explain WHY the optimal works — that's what interviewers check.
B47: Example row: Status = Done · Date Solved = 24-Sep-26 · Time Taken = 25 · Confidence = 4 · Notes = 'forgot {0:1} seed'.

Sheet 100 Days Plan
A1: Day | B1: Week | C1: Planned Date | D1: Topic / Concept | E1: Type | F1: Problem Name | G1: Platform | H1: LC # | I1: Link | J1: Difficulty | K1: Source (from your sheet) | L1: Pattern | M1: Problem Statement | N1: Brute Force | O1: Optimal Approach / Key Idea | P1: Time | Q1: Space | R1: Key Points to Remember (edge cases & gotchas) | S1: Interview Follow-ups | T1: Status | U1: Date Solved | V1: Time Taken (min) | W1: Confidence (1-5) | X1: Revise On | Y1: My Notes
A2: 1 | B2: 1 | C2: =Dashboard!$C$5+A2-1 | D2: Arrays | E2: Main | F2: Two Sum | G2: LeetCode | H2: 1 | I2: Open | J2: Easy | K2: Sheet P1 #1 / P4 #1 | L2: Hashing | M2: Given an array nums and a target, return the indices of the two numbers that add up to target. Exactly one solution exists; you can't use the same element twice. | N2: Check every pair with two loops -> O(n^2). | O2: One pass with HashMap value->index. For each num, if (target - num) is already in the map, return both indices; else store num. | P2: O(n) | Q2: O(n) | R2: Check the complement BEFORE inserting the current number (handles [3,3], target 6). Return indices, not values. If the array is sorted, two pointers gives O(1) space. | S2: What if the input is sorted? (LC 167) What if there are many answers / you need all unique pairs? | T2: Not Started | X2: =IF(U2<>"",U2+7,C2+7)
A3: 1 | B3: 1 | C3: =Dashboard!$C$5+A3-1 | D3: Arrays | E3: Bonus | F3: Contains Duplicate | G3: LeetCode | H3: 217 | I3: Open | J3: Easy | K3: Added (warm-up) | L3: Hashing / Set | M3: Return true if any value appears at least twice in the array. | N3: Compare every pair -> O(n^2). | O3: Insert into a HashSet; if a value is already present, return true. (Or sort and compare neighbours: O(n log n), O(1).) | P3: O(n) | Q3: O(n) | R3: Set gives O(1) average lookup. Sorting trades time for space. | S3: Contains Duplicate II (within distance k) -> sliding window set. | T3: Not Started | X3: =IF(U3<>"",U3+7,C3+7)
A4: 2 | B4: 1 | C4: =Dashboard!$C$5+A4-1 | D4: Arrays | E4: Main | F4: Best Time to Buy and Sell Stock | G4: LeetCode | H4: 121 | I4: Open | J4: Easy | K4: Sheet P1 #2 | L4: One Pass / Greedy | M4: prices[i] is the stock price on day i. Buy on one day and sell on a later day to maximise profit. Return the max profit (0 if none). | N4: Try every buy/sell pair -> O(n^2). | O4: Track the minimum price seen so far. At each day profit = price - minSoFar; keep the maximum. | P4: O(n) | Q4: O(1) | R4: Update min AFTER computing profit or use the order carefully; you must buy before you sell. Answer is never negative. | S4: Multiple transactions allowed (LC 122)? At most 2 (LC 123)? With cooldown (LC 309)? | T4: Not Started | X4: =IF(U4<>"",U4+7,C4+7)
A5: 3 | B5: 1 | C5: =Dashboard!$C$5+A5-1 | D5: Arrays | E5: Main | F5: Move Zeroes | G5: LeetCode | H5: 283 | I5: Open | J5: Easy | K5: Sheet P1 #4 | L5: Two Pointers | M5: Move all 0s to the end of the array in-place while keeping the relative order of non-zero elements. | N5: Copy non-zeros into a new array, then pad with zeros -> O(n) extra space. | O5: Write pointer w=0. For each non-zero, place it at nums[w] (or swap) and w++. Fill the rest with 0s. | P5: O(n) | Q5: O(1) | R5: Must be in-place. Swapping version does minimum writes. Order of non-zeros must be preserved. | S5: Minimise the total number of writes. | T5: Not Started | X5: =IF(U5<>"",U5+7,C5+7)
A6: 4 | B6: 1 | C6: =Dashboard!$C$5+A6-1 | D6: Arrays | E6: Main | F6: Merge Sorted Array | G6: LeetCode | H6: 88 | I6: Open | J6: Easy | K6: Sheet P1 #6 | L6: Two Pointers (from the end) | M6: nums1 has size m+n (last n slots are 0). Merge sorted nums2 (size n) into nums1 so it is sorted, in-place. | N6: Copy nums2 into the tail and sort -> O((m+n) log(m+n)). | O6: Three pointers: i=m-1, j=n-1, k=m+n-1. Place the larger of nums1[i]/nums2[j] at k, moving backwards. Copy leftover nums2. | P6: O(m+n) | Q6: O(1) | R6: Filling from the END avoids overwriting unread nums1 values. Leftover nums1 elements are already in place; leftover nums2 must be copied. | S6: Merge K sorted arrays (heap). | T6: Not Started | X6: =IF(U6<>"",U6+7,C6+7)
A7: 5 | B7: 1 | C7: =Dashboard!$C$5+A7-1 | D7: Arrays | E7: Main | F7: Majority Element | G7: LeetCode | H7: 169 | I7: Open | J7: Easy | K7: Sheet P1 #5 | L7: Boyer-Moore Voting | M7: Return the element that appears more than n/2 times (it always exists). | N7: Count with a HashMap -> O(n) space; or sort and take the middle -> O(n log n). | O7: Boyer-Moore: keep candidate + count. If count==0, candidate=num. count += (num==candidate ? 1 : -1). Candidate at the end is the answer. | P7: O(n) | Q7: O(1) | R7: Works only because a strict majority is guaranteed; otherwise do a second pass to verify. | S7: Majority Element II: elements > n/3 times (LC 229) -> two candidates. | T7: Not Started | X7: =IF(U7<>"",U7+7,C7+7)
A8: 6 | B8: 1 | C8: =Dashboard!$C$5+A8-1 | D8: Arrays | E8: Main | F8: Maximum Subarray (Kadane's) | G8: LeetCode | H8: 53 | I8: Open | J8: Medium | K8: Sheet P1 #3 | L8: Kadane's Algorithm | M8: Find the contiguous subarray with the largest sum and return that sum. | N8: All subarrays with running sums -> O(n^2). | O8: Kadane: cur = max(num, cur + num); best = max(best, cur). (Equivalent: add num, update best, reset cur to 0 if negative.) | P8: O(n) | Q8: O(1) | R8: All-negative array: answer is the largest single element, so initialise best = nums[0], not 0. | S8: Return the start/end indices too. Maximum Product Subarray (LC 152). Circular subarray (LC 918). | T8: Not Started | X8: =IF(U8<>"",U8+7,C8+7)
A9: 7 | B9: 1 | C9: =Dashboard!$C$5+A9-1 | D9: Arrays | E9: Main | F9: Product of Array Except Self | G9: LeetCode | H9: 238 | I9: Open | J9: Medium | K9: Sheet P1 #7 | L9: Prefix & Suffix | M9: Return answer[i] = product of all elements except nums[i], without using division, in O(n). | N9: For each i, multiply every other element -> O(n^2). | O9: Pass 1: answer[i] = product of everything to the left. Pass 2 (right to left): keep a running suffix product and multiply into answer[i]. | P9: O(n) | Q9: O(1) extra (output array not counted) | R9: No division allowed (zeros would break it anyway). Handle zeros naturally with prefix/suffix. | S9: What if division were allowed and the array contains one / two zeros? | T9: Not Started | X9: =IF(U9<>"",U9+7,C9+7)
A10: 8 | B10: 2 | C10: =Dashboard!$C$5+A10-1 | D10: Arrays | E10: Main | F10: Sort Colors (Dutch National Flag) | G10: LeetCode | H10: 75 | I10: Open | J10: Medium | K10: Added (3-pointer pattern) | L10: Three Pointers | M10: Array contains only 0, 1, 2. Sort it in-place in one pass without a library sort. | N10: Count 0s/1s/2s and overwrite -> two passes. | O10: low, mid, high pointers. nums[mid]==0 -> swap(low,mid), low++, mid++. ==1 -> mid++. ==2 -> swap(mid,high), high-- (don't move mid). | P10: O(n) | Q10: O(1) | R10: After swapping with high, do NOT advance mid; the swapped-in value is unchecked. Loop while mid <= high. | S10: Partition around a pivot (quicksort 3-way partition). | T10: Not Started | X10: =IF(U10<>"",U10+7,C10+7)
A11: 8 | B11: 2 | C11: =Dashboard!$C$5+A11-1 | D11: Arrays | E11: Bonus | F11: Rotate Array | G11: LeetCode | H11: 189 | I11: Open | J11: Medium | K11: Added | L11: Reversal Trick | M11: Rotate the array to the right by k steps, in-place. | N11: Rotate by 1, k times -> O(n*k). | O11: k %= n. Reverse whole array, reverse first k, reverse remaining n-k. | P11: O(n) | Q11: O(1) | R11: Always do k %= n first (k can exceed n). | S11: Left rotation? Rotate a matrix (LC 48)? | T11: Not Started | X11: =IF(U11<>"",U11+7,C11+7)
A12: 9 | B12: 2 | C12: =Dashboard!$C$5+A12-1 | D12: Strings | E12: Main | F12: Valid Palindrome | G12: LeetCode | H12: 125 | I12: Open | J12: Easy | K12: Sheet P2 #1 | L12: Two Pointers | M12: After lower-casing and removing non-alphanumeric characters, check if the string reads the same forwards and backwards. | N12: Build a cleaned string and compare with its reverse -> O(n) extra space. | O12: Left and right pointers; skip non-alphanumeric chars; compare lowercase chars; move inward. | P12: O(n) | Q12: O(1) | R12: Digits count as alphanumeric. Empty/only-symbols string is a palindrome. Guard the skip loops with l < r. | S12: Valid Palindrome II: allowed to delete at most one char (LC 680). | T12: Not Started | X12: =IF(U12<>"",U12+7,C12+7)
A13: 10 | B13: 2 | C13: =Dashboard!$C$5+A13-1 | D13: Strings | E13: Main | F13: Valid Anagram | G13: LeetCode | H13: 242 | I13: Open | J13: Easy | K13: Sheet P2 #2 | L13: Hashing / Frequency Count | M13: Return true if t is an anagram of s (same characters with the same counts). | N13: Sort both strings and compare -> O(n log n). | O13: If lengths differ return false. int[26] counts: ++ for s, -- for t. All zero => anagram. | P13: O(n) | Q13: O(1) (26 letters) | R13: Early length check. Fixed array beats HashMap for lowercase letters. | S13: What if inputs contain Unicode? -> use a HashMap. | T13: Not Started | X13: =IF(U13<>"",U13+7,C13+7)
... A43: 38 | B43: 6 | C43: =Dashboard!$C$5+A43-1 | D43: Stacks & Queues | E43: Main | F43: Implement Queue using Stacks | G43: LeetCode | H43: 232 | I43: Open | J43: Easy | K43: Sheet P6 #5 | L43: Two Stacks | M43: Implement a FIFO queue using only two stacks. | N43: Move all elements back and forth on every operation -> O(n) each. | O43: push -> inStack. pop/peek: if outStack empty, move everything from inStack to outStack; then pop/peek outStack. | P43: Amortized O(1) | Q43: O(n) | R43: Only transfer when outStack is empty - that's what makes it amortized O(1). | S43: Explain amortized analysis in the interview. | T43: Not Started | X43: =IF(U43<>"",U43+7,C43+7)
A44: 38 | B44: 6 | C44: =Dashboard!$C$5+A44-1 | D44: Stacks & Queues | E44: Bonus | F44: Implement Stack using Queues | G44: LeetCode | H44: 225 | I44: Open | J44: Easy | K44: Sheet P6 #6 | L44: Queue rotation | M44: Implement a LIFO stack using only queue operations. | N44: Two queues, transfer on each pop. | O44: One queue: on push, enqueue x then rotate the previous size elements to the back so x is at the front. | P44: push O(n), pop O(1) | Q44: O(n) | R44: Decide which operation you make expensive (push or pop). | T44: Not Started | X44: =IF(U44<>"",U44+7,C44+7)
A45: 39 | B45: 6 | C45: =Dashboard!$C$5+A45-1 | D45: Stacks & Queues | E45: Main | F45: Evaluate Reverse Polish Notation | G45: LeetCode | H45: 150 | I45: Open | J45: Medium | K45: Sheet P6 #7 | L45: Stack (expression evaluation) | M45: Evaluate an arithmetic expression given in postfix (RPN) tokens. | N45: - | O45: Number -> push. Operator -> pop b, pop a, push (a op b). | P45: O(n) | Q45: O(n) | R45: Operand order: a - b and a / b where b is popped FIRST. Division truncates toward zero. | S45: Basic Calculator (LC 224 / 227). | T45: Not Started | X45: =IF(U45<>"",U45+7,C45+7)
A46: 40 | B46: 6 | C46: =Dashboard!$C$5+A46-1 | D46: Stacks & Queues | E46: Main | F46: Next Greater Element I | G46: LeetCode | H46: 496 | I46: Open | J46: Easy | K46: Sheet P6 #3 | L46: Monotonic Decreasing Stack | M46: For each element of nums1 (subset of nums2), find the next greater element to its right in nums2, or -1. | N46: For each element, scan to the right -> O(n*m). | O46: Traverse nums2 with a decreasing stack; while current > top, map[top] = current, pop. Push current. Answer queries from the map. | P46: O(n + m) | Q46: O(n) | R46: Monotonic stack template - each element pushed & popped once. | S46: Next Greater Element II - circular array (LC 503). | T46: Not Started | X46: =IF(U46<>"",U46+7,C46+7)
A47: 41 | B47: 6 | C47: =Dashboard!$C$5+A47-1 | D47: Stacks & Queues | E47: Main | F47: Daily Temperatures | G47: LeetCode | H47: 739 | I47: Open | J47: Medium | K47: Sheet P6 #4 | L47: Monotonic Stack (indices) | M47: For each day, return how many days until a warmer temperature (0 if none). | N47: Scan forward for each day -> O(n^2). | O47: Stack of indices with decreasing temps. While temps[i] > temps[top]: ans[top] = i - top, pop. Push i. | P47: O(n) | Q47: O(n) | R47: Store INDICES, not values, when you need distances. | S47: Online Stock Span (LC 901). | T47: Not Started | X47: =IF(U47<>"",U47+7,C47+7)
A48: 42 | B48: 6 | C48: =Dashboard!$C$5+A48-1 | D48: Stacks & Queues | E48: Main | F48: Largest Rectangle in Histogram | G48: LeetCode | H48: 84 | I48: Open | J48: Hard | K48: Sheet P6 #8 | L48: Monotonic Increasing Stack | M48: Given bar heights (width 1), return the area of the largest rectangle in the histogram. | N48: For each bar, expand left and right -> O(n^2). | O48: Increasing stack of indices. When h[i] < h[top], pop: height = h[pop], width = i - newTop - 1 (or i if stack empty). Append a sentinel 0 at the end. | P48: O(n) | Q48: O(n) | R48: Sentinel 0 flushes the stack. Width calculation is the tricky part - dry run it. | S48: Maximal Rectangle in a binary matrix (LC 85). | T48: Not Started | X48: =IF(U48<>"",U48+7,C48+7)
A49: 43 | B49: 7 | C49: =Dashboard!$C$5+A49-1 | D49: Stacks & Queues | E49: Main | F49: Sliding Window Maximum | G49: LeetCode | H49: 239 | I49: Open | J49: Hard | K49: Added (listed in sheet's patterns) | L49: Monotonic Deque | M49: Return the max of every window of size k. | N49: Compute max for each window -> O(n*k). | O49: Deque of indices with decreasing values. Pop back while smaller than current; pop front if out of window; front is the max. | P49: O(n) | Q49: O(k) | R49: Store indices so you can expire elements that left the window. | S49: Heap solution O(n log n) as comparison. | T49: Not Started | X49: =IF(U49<>"",U49+7,C49+7)
A50: 44 | B50: 7 | C50: =Dashboard!$C$5+A50-1 | D50: Binary Search | E50: Main | F50: Binary Search | G50: LeetCode | H50: 704 | I50: Open | J50: Easy | K50: Sheet P7 #1 | L50: Classic Binary Search | M50: Return the index of target in a sorted array, or -1. | N50: Linear scan -> O(n). | O50: lo=0, hi=n-1; while lo<=hi: mid=lo+(hi-lo)/2; compare and move lo=mid+1 or hi=mid-1. | P50: O(log n) | Q50: O(1) | R50: mid = lo + (hi-lo)/2 avoids overflow. Know the lo<=hi vs lo<hi templates. | S50: Search Insert Position (LC 35). | T50: Not Started | X50: =IF(U50<>"",U50+7,C50+7)
A51: 45 | B51: 7 | C51: =Dashboard!$C$5+A51-1 | D51: Binary Search | E51: Main | F51: Find First and Last Position of Element | G51: LeetCode | H51: 34 | I51: Open | J51: Medium | K51: Sheet P7 #2 | L51: Lower / Upper Bound | M51: Return the [first, last] index of target in a sorted array, or [-1,-1], in O(log n). | N51: Find one occurrence and expand linearly -> O(n) worst case. | O51: Two binary searches: on match, record index and keep searching left (for first) or right (for last). | P51: O(log n) | Q51: O(1) | R51: Don't stop at the first match. Count of target = last - first + 1. | S51: Count occurrences in a sorted array. | T51: Not Started | X51: =IF(U51<>"",U51+7,C51+7)
A52: 46 | B52: 7 | C52: =Dashboard!$C$5+A52-1 | D52: Binary Search | E52: Main | F52: Sqrt(x) | G52: LeetCode | H52: 69 | I52: Open | J52: Easy | K52: Sheet P7 #5 | L52: Binary Search on Answer | M52: Return floor(sqrt(x)) without using built-in power functions. | N52: Try i = 1, 2, 3 ... while i*i <= x -> O(sqrt x). | O52: Search in [0, x]: if mid*mid <= x, ans=mid, lo=mid+1; else hi=mid-1. | P52: O(log x) | Q52: O(1) | R52: mid*mid overflows int - use long, or compare mid <= x/mid. | S52: Valid Perfect Square (LC 367). | T52: Not Started | X52: =IF(U52<>"",U52+7,C52+7)
A53: 47 | B53: 7 | C53: =Dashboard!$C$5+A53-1 | D53: Binary Search | E53: Main | F53: Search in Rotated Sorted Array | G53: LeetCode | H53: 33 | I53: Open | J53: Medium | K53: Sheet P7 #3 | L53: Binary Search (sorted half) | M53: A sorted array of distinct values was rotated. Find target's index, or -1, in O(log n). | N53: Linear scan -> O(n). | O53: At each mid, one half is sorted. If nums[lo] <= nums[mid], left half sorted: check if target lies in it; else right half sorted. Discard the other half. | P53: O(log n) | Q53: O(1) | R53: Use <= in nums[lo] <= nums[mid] (lo == mid case). | S53: With duplicates (LC 81) - worst case O(n). | T53: Not Started | X53: =IF(U53<>"",U53+7,C53+7)
A54: 47 | B54: 7 | C54: =Dashboard!$C$5+A54-1 | D54: Binary Search | E54: Bonus | F54: Find Minimum in Rotated Sorted Array | G54: LeetCode | H54: 153 | I54: Open | J54: Medium | K54: Added | L54: Binary Search | M54: Return the minimum element of a rotated sorted array (distinct values). | N54: Linear scan -> O(n). | O54: while lo<hi: if nums[mid] > nums[hi], min is right -> lo=mid+1; else hi=mid. | P54: O(log n) | Q54: O(1) | R54: Compare with nums[hi], not nums[lo]. Loop is lo < hi. | S54: Rotation count = index of min. | T54: Not Started | X54: =IF(U54<>"",U54+7,C54+7)
A55: 48 | B55: 7 | C55: =Dashboard!$C$5+A55-1 | D55: Binary Search | E55: Main | F55: Find Peak Element | G55: LeetCode | H55: 162 | I55: Open | J55: Medium | K55: Sheet P7 #4 | L55: Binary Search (slope) | M55: Return the index of any element strictly greater than its neighbours (nums[-1] = nums[n] = -inf). | N55: Linear scan -> O(n). | O55: If nums[mid] < nums[mid+1], a peak exists on the right: lo=mid+1; else hi=mid. Loop while lo<hi. | P55: O(log n) | Q55: O(1) | R55: Binary search works on an unsorted array because of the 'move uphill' property. | S55: Peak in a 2D grid (LC 1901). Mountain array (LC 852). | T55: Not Started | X55: =IF(U55<>"",U55+7,C55+7)
A56: 49 | B56: 7 | C56: =Dashboard!$C$5+A56-1 | D56: Binary Search | E56: Main | F56: Search a 2D Matrix II | G56: LeetCode | H56: 240 | I56: Open | J56: Medium | K56: Sheet P7B #6 | L56: Staircase Search | M56: Rows and columns are each sorted ascending. Return true if target exists. | N56: Scan all cells -> O(m*n). | O56: Start top-right. If value > target move left; if < target move down; equal -> found. | P56: O(m + n) | Q56: O(1) | R56: The sheet shows O(m + log n) - the staircase method is O(m + n). LC 74 (fully sorted matrix) is a single binary search O(log(mn)). | S56: Kth Smallest in Sorted Matrix (LC 378). | T56: Not Started | X56: =IF(U56<>"",U56+7,C56+7)
A57: 50 | B57: 8 | C57: =Dashboard!$C$5+A57-1 | D57: Binary Search | E57: Main | F57: Koko Eating Bananas | G57: LeetCode | H57: 875 | I57: Open | J57: Medium | K57: Sheet P7 #6 / P7B #7 | L57: Binary Search on Answer Space | M57: Find the minimum integer eating speed k such that Koko can eat all piles within h hours. | N57: Try every speed from 1 to max(piles) -> O(n * max). | O57: Search k in [1, max(piles)]. hours(k) = sum(ceil(p/k)). If hours <= h, hi=k (try smaller) else lo=k+1. | P57: O(n log max) | Q57: O(1) | R57: ceil(p/k) = (p + k - 1) / k. Sum of hours can overflow int - use long. Recognise 'minimise the max / find min feasible' -> answer space. | S57: Capacity to Ship Packages (bonus LC 1011). Split Array Largest Sum (LC 410). | T57: Not Started | X57: =IF(U57<>"",U57+7,C57+7)
A58: 50 | B58: 8 | C58: =Dashboard!$C$5+A58-1 | D58: Binary Search | E58: Bonus | F58: Capacity To Ship Packages Within D Days | G58: LeetCode | H58: 1011 | I58: Open | J58: Medium | K58: Added (answer space) | L58: Binary Search on Answer Space | M58: Find the least ship capacity to ship all packages in order within D days. | N58: Try every capacity -> O(n * sum). | O58: Search capacity in [max(w), sum(w)]; greedily count days needed for a given capacity. | P58: O(n log sum) | Q58: O(1) | R58: Lower bound is max(weights), not 1. | T58: Not Started | X58: =IF(U58<>"",U58+7,C58+7)
A59: 51 | B59: 8 | C59: =Dashboard!$C$5+A59-1 | D59: Trees & BST | E59: Main | F59: Binary Tree Inorder / Preorder / Postorder Traversal | G59: LeetCode | H59: 94 | I59: Open | J59: Easy | K59: Sheet P8 #1 (LC 94, 144, 145) | L59: DFS / Recursion / Stack | M59: Return the inorder (L-Root-R), preorder (Root-L-R) and postorder (L-R-Root) traversals of a binary tree. Also solve LC 144 and LC 145. | N59: - | O59: Recursive DFS first; then iterative with an explicit stack. Inorder iterative: push all lefts, pop, visit, go right. | P59: O(n) | Q59: O(h) | R59: Sample tree: Pre 1,2,4,5,3,6,7 | In 4,2,5,1,6,3,7 | Post 4,5,2,6,7,3,1. Inorder of a BST is sorted. | S59: Morris traversal for O(1) space. | T59: Not Started | X59: =IF(U59<>"",U59+7,C59+7)
A60: 52 | B60: 8 | C60: =Dashboard!$C$5+A60-1 | D60: Trees & BST | E60: Main | F60: Maximum Depth of Binary Tree | G60: LeetCode | H60: 104 | I60: Open | J60: Easy | K60: Sheet P8 #2 | L60: DFS | M60: Return the number of nodes along the longest root-to-leaf path. | N60: - | O60: depth(node) = 0 if null else 1 + max(depth(left), depth(right)). BFS level count also works. | P60: O(n) | Q60: O(h) | R60: Base case null -> 0. Skewed tree makes h = n. | S60: Minimum depth (LC 111) - careful with one-child nodes. | T60: Not Started | X60: =IF(U60<>"",U60+7,C60+7)
A61: 53 | B61: 8 | C61: =Dashboard!$C$5+A61-1 | D61: Trees & BST | E61: Main | F61: Invert Binary Tree | G61: LeetCode | H61: 226 | I61: Open | J61: Easy | K61: Added (classic warm-up) | L61: DFS | M61: Mirror a binary tree (swap left and right children of every node). | N61: - | O61: Recursively swap children: node.left, node.right = invert(node.right), invert(node.left). | P61: O(n) | Q61: O(h) | R61: Can be done with BFS as well. | S61: Symmetric Tree (LC 101). Same Tree (LC 100). | T61: Not Started | X61: =IF(U61<>"",U61+7,C61+7)
A62: 54 | B62: 8 | C62: =Dashboard!$C$5+A62-1 | D62: Trees & BST | E62: Main | F62: Binary Tree Level Order Traversal | G62: LeetCode | H62: 102 | I62: Open | J62: Medium | K62: Sheet P8 #3 | L62: BFS / Queue | M62: Return node values level by level (left to right) as a list of lists. | N62: - | O62: Queue. For each level, take size = queue.size(), pop that many nodes, push their children. | P62: O(n) | Q62: O(w) (max width) | R62: Capture the level size before the inner loop. | S62: Zigzag order (LC 103). Right Side View (LC 199). | T62: Not Started | X62: =IF(U62<>"",U62+7,C62+7)
A63: 55 | B63: 8 | C63: =Dashboard!$C$5+A63-1 | D63: Trees & BST | E63: Main | F63: Diameter of Binary Tree | G63: LeetCode | H63: 543 | I63: Open | J63: Easy | K63: Sheet P8 #4 | L63: DFS (post-order, return height) | M63: Return the length (in edges) of the longest path between any two nodes. | N63: For each node compute heights separately -> O(n^2). | O63: height(node) returns 1+max(L,R); at each node update best = max(best, L+R). | P63: O(n) | Q63: O(h) | R63: The path may not pass through the root. Diameter is counted in EDGES. | S63: Binary Tree Maximum Path Sum (LC 124). | T63: Not Started | X63: =IF(U63<>"",U63+7,C63+7)
A64: 56 | B64: 8 | C64: =Dashboard!$C$5+A64-1 | D64: Trees & BST | E64: Main | F64: Balanced Binary Tree | G64: LeetCode | H64: 110 | I64: Open | J64: Easy | K64: Sheet P8 #5 | L64: DFS (bottom-up) | M64: Return true if, for every node, the heights of the left and right subtrees differ by at most 1. | N64: Compute height at every node top-down -> O(n^2). | O64: Bottom-up: return height, or -1 as a sentinel for 'unbalanced'; propagate -1 upward. | P64: O(n) | Q64: O(h) | R64: Same 'return height + update global' template as diameter. | T64: Not Started | X64: =IF(U64<>"",U64+7,C64+7)
A65: 57 | B65: 9 | C65: =Dashboard!$C$5+A65-1 | D65: Trees & BST | E65: Main | F65: Validate Binary Search Tree | G65: LeetCode | H65: 98 | I65: Open | J65: Medium | K65: Sheet P8 #6 | L65: DFS with bounds / Inorder | M65: Determine if a binary tree is a valid BST (left < node < right for ALL descendants). | N65: For each node, check max of left subtree and min of right subtree -> O(n^2). | O65: DFS(node, low, high): node.val must be strictly within (low, high). Or inorder traversal must be strictly increasing. | P65: O(n) | Q65: O(h) | R65: Checking only immediate children is WRONG. Use long / null bounds for Integer.MIN/MAX values. | S65: Recover a BST with two swapped nodes (LC 99). | T65: Not Started | X65: =IF(U65<>"",U65+7,C65+7)
A66: 58 | B66: 9 | C66: =Dashboard!$C$5+A66-1 | D66: Trees & BST | E66: Main | F66: Kth Smallest Element in a BST | G66: LeetCode | H66: 230 | I66: Open | J66: Medium | K66: Added (BST property) | L66: Inorder Traversal | M66: Return the k-th smallest value in a BST. | N66: Collect all values and sort -> O(n log n). | O66: Inorder traversal (iterative), counting nodes; stop at the k-th visited node. | P66: O(h + k) | Q66: O(h) | R66: Leverages 'inorder of BST is sorted'. | S66: If the BST is modified often -> store subtree sizes. | T66: Not Started | X66: =IF(U66<>"",U66+7,C66+7)
A67: 59 | B67: 9 | C67: =Dashboard!$C$5+A67-1 | D67: Trees & BST | E67: Main | F67: Lowest Common Ancestor of a Binary Tree | G67: LeetCode | H67: 236 | I67: Open | J67: Medium | K67: Sheet P8 #7 | L67: DFS | M67: Return the lowest common ancestor of nodes p and q. | N67: Store root-to-node paths and compare -> O(n) extra space. | O67: If root is null/p/q return root. left=LCA(left), right=LCA(right). Both non-null -> root; else return the non-null one. | P67: O(n) | Q67: O(h) | R67: A node can be its own ancestor. For a BST (LC 235) use values to go left/right. | S67: LCA of BST (LC 235). | T67: Not Started | X67: =IF(U67<>"",U67+7,C67+7)
A68: 60 | B68: 9 | C68: =Dashboard!$C$5+A68-1 | D68: Heaps / Priority Queue | E68: Main | F68: Last Stone Weight | G68: LeetCode | H68: 1046 | I68: Open | J68: Easy | K68: Added (sheet's 'LC 1046' number) | L68: Max Heap | M68: Repeatedly smash the two heaviest stones; if different, the difference goes back. Return the last stone weight or 0. | N68: Sort after every smash -> O(n^2 log n). | O68: Max heap. Pop two, push the difference if non-zero. Answer is the remaining top or 0. | P68: O(n log n) | Q68: O(n) | R68: Python heapq is a MIN heap - push negatives. Java: PriorityQueue with reverse comparator. | S68: Heap warm-up problem. | T68: Not Started | X68: =IF(U68<>"",U68+7,C68+7)
A69: 61 | B69: 9 | C69: =Dashboard!$C$5+A69-1 | D69: Heaps / Priority Queue | E69: Main | F69: Kth Largest Element in an Array | G69: LeetCode | H69: 215 | I69: Open | J69: Medium | K69: Sheet P9 #1 | L69: Min Heap of size k | M69: Return the k-th largest element (not necessarily distinct) without fully sorting. | N69: Sort descending -> O(n log n). | O69: Min heap of size k: push each num, pop when size > k. Top is the answer. (Quickselect: average O(n).) | P69: O(n log k) | Q69: O(k) | R69: K LARGEST -> MIN heap; K SMALLEST -> MAX heap. | S69: Quickselect and its worst case. | T69: Not Started | X69: =IF(U69<>"",U69+7,C69+7)
A70: 62 | B70: 9 | C70: =Dashboard!$C$5+A70-1 | D70: Heaps / Priority Queue | E70: Main | F70: K Closest Points to Origin | G70: LeetCode | H70: 973 | I70: Open | J70: Medium | K70: Sheet P9 #2 | L70: Max Heap of size k | M70: Return the k points closest to (0,0). | N70: Sort all points by distance -> O(n log n). | O70: Max heap keyed on squared distance; keep size k (pop the farthest when size > k). | P70: O(n log k) | Q70: O(k) | R70: Use x^2 + y^2 - no need for sqrt. | S70: Quickselect variant. | T70: Not Started | X70: =IF(U70<>"",U70+7,C70+7)
A71: 63 | B71: 9 | C71: =Dashboard!$C$5+A71-1 | D71: Heaps / Priority Queue | E71: Main | F71: Sort a Nearly Sorted (K-Sorted) Array | G71: GFG | H71: - | I71: Open | J71: Medium | K71: Sheet P9 #6 (sheet says LC 1046 - wrong) | L71: Min Heap of size k+1 | M71: Each element is at most k positions away from its sorted position. Sort the array efficiently. | N71: Normal sort -> O(n log n). | O71: Min heap of the first k+1 elements. Repeatedly pop min into the output and push the next element. | P71: O(n log k) | Q71: O(k) | R71: Heap size k+1 because the correct element for position i is within i..i+k. | T71: Not Started | X71: =IF(U71<>"",U71+7,C71+7)
A72: 64 | B72: 10 | C72: =Dashboard!$C$5+A72-1 | D72: Heaps / Priority Queue | E72: Main | F72: Merge k Sorted Lists | G72: LeetCode | H72: 23 | I72: Open | J72: Hard | K72: Sheet P9 #3 | L72: Min Heap | M72: Merge k sorted linked lists into one sorted list. | N72: Merge lists one by one -> O(N*k). | O72: Push each list's head into a min heap. Pop min, attach to result, push its next. | P72: O(N log k) | Q72: O(k) | R72: In Python push (val, index, node) to avoid comparing nodes. Divide & conquer merging also gives O(N log k). | T72: Not Started | X72: =IF(U72<>"",U72+7,C72+7)
A73: 65 | B73: 10 | C73: =Dashboard!$C$5+A73-1 | D73: Heaps / Priority Queue | E73: Main | F73: Find Median from Data Stream | G73: LeetCode | H73: 295 | I73: Open | J73: Hard | K73: Sheet P9 #4 | L73: Two Heaps | M73: Design addNum() and findMedian() for a stream of numbers. | N73: Keep a sorted list and insert -> O(n) per add. | O73: Max heap for the lower half, min heap for the upper half. Push to max heap, move its top to min heap, rebalance so max heap size >= min heap size. | P73: O(log n) add, O(1) median | Q73: O(n) | R73: Median = top of max heap (odd) or average of both tops (even). | S73: Sliding Window Median (LC 480). | T73: Not Started | X73: =IF(U73<>"",U73+7,C73+7)
A74: 66 | B74: 10 | C74: =Dashboard!$C$5+A74-1 | D74: Graphs (BFS / DFS) | E74: Main | F74: Number of Islands | G74: LeetCode | H74: 200 | I74: Open | J74: Medium | K74: Sheet P10 #1 | L74: DFS / BFS on Grid | M74: Count the islands ('1' connected 4-directionally) in a 2D grid. | N74: - | O74: Scan cells; on an unvisited '1', count++ and DFS/BFS to mark the whole island visited (e.g., set to '0'). | P74: O(m*n) | Q74: O(m*n) (recursion / queue) | R74: Bounds check before accessing grid. 4 directions only. | S74: Max Area of Island (LC 695). Number of Distinct Islands. | T74: Not Started | X74: =IF(U74<>"",U74+7,C74+7)
A75: 66 | B75: 10 | C75: =Dashboard!$C$5+A75-1 | D75: Graphs (BFS / DFS) | E75: Bonus | F75: Flood Fill | G75: LeetCode | H75: 733 | I75: Open | J75: Easy | K75: Added (grid DFS warm-up) | L75: DFS on Grid | M75: Recolour the connected region of the start pixel with a new colour. | N75: - | O75: DFS from (sr,sc), recolour cells matching the original colour. | P75: O(m*n) | Q75: O(m*n) | R75: If newColor == original colour, return immediately (else infinite recursion). | T75: Not Started | X75: =IF(U75<>"",U75+7,C75+7)
A76: 67 | B76: 10 | C76: =Dashboard!$C$5+A76-1 | D76: Graphs (BFS / DFS) | E76: Main | F76: Clone Graph | G76: LeetCode | H76: 133 | I76: Open | J76: Medium | K76: Sheet P10 #2 | L76: DFS / BFS + HashMap | M76: Return a deep copy of a connected undirected graph. | N76: - | O76: HashMap original -> clone. DFS: if node already cloned return it; else create clone, store it, then clone neighbours. | P76: O(V + E) | Q76: O(V) | R76: Put the clone in the map BEFORE recursing into neighbours (handles cycles). | S76: Copy List with Random Pointer (LC 138). | T76: Not Started | X76: =IF(U76<>"",U76+7,C76+7)
A77: 68 | B77: 10 | C77: =Dashboard!$C$5+A77-1 | D77: Graphs (BFS / DFS) | E77: Main | F77: Number of Provinces | G77: LeetCode | H77: 547 | I77: Open | J77: Medium | K77: Sheet P10 #3 (LC 547 is this problem) | L77: DFS / Union-Find | M77: Given an adjacency matrix isConnected, return the number of connected components (provinces). | N77: - | O77: DFS from every unvisited city, count++. Or Union-Find: union connected pairs, count distinct roots. | P77: O(n^2) | Q77: O(n) | R77: Learn DSU with path compression + union by rank here - reused on Days 77-78. | T77: Not Started | X77: =IF(U77<>"",U77+7,C77+7)
A78: 69 | B78: 10 | C78: =Dashboard!$C$5+A78-1 | D78: Graphs (BFS / DFS) | E78: Main | F78: Detect Cycle in an Undirected Graph | G78: GFG | H78: - | I78: Open | J78: Medium | K78: Sheet P10 #3 | L78: DFS with parent / Union-Find | M78: Given V vertices and an adjacency list, return true if the undirected graph contains a cycle. | N78: - | O78: DFS(node, parent): if a visited neighbour is not the parent -> cycle. Or DSU: an edge whose ends are already in the same set -> cycle. | P78: O(V + E) | Q78: O(V) | R78: Run from every unvisited node (graph may be disconnected). | S78: Directed graph cycle -> use recursion stack / Kahn's (Day 70). | T78: Not Started | X78: =IF(U78<>"",U78+7,C78+7)
A79: 70 | B79: 10 | C79: =Dashboard!$C$5+A79-1 | D79: Graphs (BFS / DFS) | E79: Main | F79: Course Schedule | G79: LeetCode | H79: 207 | I79: Open | J79: Medium | K79: Sheet P10 #4 | L79: Topological Sort (Kahn's BFS) | M79: numCourses with prerequisite pairs [a, b] (b before a). Return true if all courses can be finished. | N79: - | O79: Build graph + indegree. Queue all indegree-0 nodes; pop, count++, decrement neighbours' indegree. Possible if count == numCourses. | P79: O(V + E) | Q79: O(V + E) | R79: Edge direction: b -> a. Remaining nodes with indegree > 0 means a cycle. | S79: DFS 3-colour cycle detection. | T79: Not Started | X79: =IF(U79<>"",U79+7,C79+7)
A80: 71 | B80: 11 | C80: =Dashboard!$C$5+A80-1 | D80: Graphs (BFS / DFS) | E80: Main | F80: Course Schedule II (Topological Sort) | G80: LeetCode | H80: 210 | I80: Open | J80: Medium | K80: Sheet P10 #7 | L80: Topological Sort | M80: Return any valid order of courses, or [] if impossible. | N80: - | O80: Same as Day 70, but append popped nodes to the order. If order length < numCourses, return []. | P80: O(V + E) | Q80: O(V + E) | R80: Topological order exists only for DAGs. | S80: Alien Dictionary (LC 269). | T80: Not Started | X80: =IF(U80<>"",U80+7,C80+7)
A81: 72 | B81: 11 | C81: =Dashboard!$C$5+A81-1 | D81: Graphs (BFS / DFS) | E81: Main | F81: Rotting Oranges | G81: LeetCode | H81: 994 | I81: Open | J81: Medium | K81: Added (multi-source BFS) | L81: Multi-source BFS | M81: Each minute, rotten oranges rot 4-adjacent fresh ones. Return minutes until none are fresh, or -1. | N81: Simulate minute by minute scanning the grid -> O((mn)^2). | O81: Push all rotten cells into the queue at once; BFS level by level counting minutes; track the fresh count. | P81: O(m*n) | Q81: O(m*n) | R81: No fresh oranges at start -> 0. Fresh count > 0 at the end -> -1. | S81: 01 Matrix (LC 542). Walls and Gates. | T81: Not Started | X81: =IF(U81<>"",U81+7,C81+7)
A82: 73 | B82: 11 | C82: =Dashboard!$C$5+A82-1 | D82: Graphs (BFS / DFS) | E82: Main | F82: Is Graph Bipartite? | G82: LeetCode | H82: 785 | I82: Open | J82: Medium | K82: Sheet P12 #7 | L82: BFS / DFS 2-Colouring | M82: Return true if nodes can be split into two sets such that every edge connects nodes in different sets. | N82: - | O82: Colour each uncoloured node 0, BFS; neighbours get the opposite colour. Same colour on an edge -> not bipartite. | P82: O(V + E) | Q82: O(V) | R82: Graph may be disconnected - start BFS from every uncoloured node. Odd cycle = not bipartite. | S82: Possible Bipartition (LC 886). | T82: Not Started | X82: =IF(U82<>"",U82+7,C82+7)
A83: 74 | B83: 11 | C83: =Dashboard!$C$5+A83-1 | D83: Graph Algorithms | E83: Main | F83: Shortest Path in Binary Matrix | G83: LeetCode | H83: 1091 | I83: Open | J83: Medium | K83: Sheet P12 #1 | L83: BFS (unweighted shortest path) | M83: Return the length of the shortest clear path from top-left to bottom-right (8 directions), or -1. | N83: DFS all paths -> exponential. | O83: BFS from (0,0) with distance 1; the first time you reach the target is the shortest. | P83: O(n^2) | Q83: O(n^2) | R83: Check start and end cells are 0. Mark visited when ENQUEUING, not when popping. | S83: Why BFS works only for unweighted graphs. | T83: Not Started | X83: =IF(U83<>"",U83+7,C83+7)
A84: 75 | B84: 11 | C84: =Dashboard!$C$5+A84-1 | D84: Graph Algorithms | E84: Main | F84: Network Delay Time (Dijkstra) | G84: LeetCode | H84: 743 | I84: Open | J84: Medium | K84: Sheet P10 #6 / P12 #2 | L84: Dijkstra's Algorithm | M84: Signal is sent from node k over weighted directed edges. Return the time for all nodes to receive it, or -1. | N84: Bellman-Ford O(V*E). | O84: Min heap of (dist, node). Pop smallest; skip if stale; relax neighbours. Answer = max distance (or -1 if unreachable). | P84: O((V + E) log V) | Q84: O(V + E) | R84: Only works for NON-NEGATIVE weights. Skip stale heap entries (d > dist[node]). | S84: Path With Minimum Effort (LC 1631). | T84: Not Started | X84: =IF(U84<>"",U84+7,C84+7)
A85: 76 | B85: 11 | C85: =Dashboard!$C$5+A85-1 | D85: Graph Algorithms | E85: Main | F85: Bellman-Ford / Detect Negative Cycle | G85: GFG | H85: - | I85: Open | J85: Medium | K85: Sheet P12 #3 (sheet says LC 209 - wrong) | L85: Bellman-Ford | M85: Find shortest distances from a source in a graph that may have negative weights; report if a negative cycle exists. | N85: - | O85: dist[src]=0. Relax ALL edges V-1 times. If any edge still relaxes on the V-th pass -> negative cycle. | P85: O(V * E) | Q85: O(V) | R85: Skip relaxing from nodes whose dist is still infinity. | S85: Cheapest Flights Within K Stops (bonus LC 787) = Bellman-Ford limited to K+1 rounds. | T85: Not Started | X85: =IF(U85<>"",U85+7,C85+7)
A86: 76 | B86: 11 | C86: =Dashboard!$C$5+A86-1 | D86: Graph Algorithms | E86: Bonus | F86: Cheapest Flights Within K Stops | G86: LeetCode | H86: 787 | I86: Open | J86: Medium | K86: Added | L86: Bellman-Ford (K rounds) / BFS | M86: Find the cheapest price from src to dst with at most k stops. | N86: - | O86: Run K+1 rounds of edge relaxation, copying the dist array each round. | P86: O(K * E) | Q86: O(V) | R86: Copy the previous round's distances, otherwise you may use more than K stops. | T86: Not Started | X86: =IF(U86<>"",U86+7,C86+7)
A87: 77 | B87: 11 | C87: =Dashboard!$C$5+A87-1 | D87: Graph Algorithms | E87: Main | F87: Min Cost to Connect All Points (MST) | G87: LeetCode | H87: 1584 | I87: Open | J87: Medium | K87: Sheet P10 #5 / P12 #6 | L87: Prim's / Kruskal's MST | M87: Connect all points with minimum total Manhattan distance. | N87: - | O87: Prim's: start from any point, repeatedly add the cheapest edge to an unvisited point (min heap or O(n^2) array). Kruskal's: sort edges + DSU. | P87: O(n^2) (Prim, dense) / O(E log E) (Kruskal) | Q87: O(n) | R87: Dense complete graph -> O(n^2) Prim is best. MST has exactly V-1 edges. | S87: Explain Prim vs Kruskal differences. | T87: Not Started | X87: =IF(U87<>"",U87+7,C87+7)
A88: 78 | B88: 12 | C88: =Dashboard!$C$5+A88-1 | D88: Graph Algorithms | E88: Main | F88: Redundant Connection | G88: LeetCode | H88: 684 | I88: Open | J88: Medium | K88: Added (Union-Find practice) | L88: Disjoint Set Union | M88: A tree with one extra edge added; return the edge that can be removed to make it a tree. | N88: Remove each edge and check connectivity -> O(E^2). | O88: Process edges with DSU; the first edge whose endpoints already share a root is the answer. | P88: O(E * alpha(V)) | Q88: O(V) | R88: Path compression + union by rank make DSU nearly O(1). | T88: Not Started | X88: =IF(U88<>"",U88+7,C88+7)
A89: 79 | B89: 12 | C89: =Dashboard!$C$5+A89-1 | D89: Graph Algorithms | E89: Main | F89: Critical Connections in a Network (Bridges) | G89: LeetCode | H89: 1192 | I89: Open | J89: Hard | K89: Sheet P12 #4 | L89: Tarjan's Algorithm | M89: Return all edges whose removal disconnects the network (bridges). | N89: Remove each edge and run DFS -> O(E*(V+E)). | O89: DFS assigning disc[] and low[]. For child v of u: low[u] = min(low[u], low[v]); if low[v] > disc[u], (u,v) is a bridge. Back edge: low[u] = min(low[u], disc[v]). | P89: O(V + E) | Q89: O(V + E) | R89: Skip the parent edge when updating low. Bridge condition uses STRICT '>'. | T89: Not Started | X89: =IF(U89<>"",U89+7,C89+7)
A90: 80 | B90: 12 | C90: =Dashboard!$C$5+A90-1 | D90: Graph Algorithms | E90: Main | F90: Articulation Points | G90: GFG | H90: - | I90: Open | J90: Hard | K90: Sheet P12 #5 (sheet says LC 1125 - wrong) | L90: Tarjan's Algorithm | M90: Return all vertices whose removal increases the number of connected components. | N90: Remove each vertex and count components -> O(V*(V+E)). | O90: Same disc/low DFS. Non-root u is an articulation point if some child v has low[v] >= disc[u]. Root is one if it has > 1 DFS child. | P90: O(V + E) | Q90: O(V) | R90: Articulation uses '>=' ; bridges use '>'. Root is a special case. | T90: Not Started | X90: =IF(U90<>"",U90+7,C90+7)
A91: 81 | B91: 12 | C91: =Dashboard!$C$5+A91-1 | D91: Greedy | E91: Main | F91: Activity Selection / N Meetings in One Room | G91: GFG | H91: - | I91: Open | J91: Easy | K91: Sheet P13 #1 | L91: Greedy (sort by end time) | M91: Given start and end times, select the maximum number of non-overlapping activities. | N91: Try all subsets -> O(2^n). | O91: Sort by END time. Pick the first; then pick each next activity whose start >= last picked end (strict > if endpoints can't touch). | P91: O(n log n) | Q91: O(1) | R91: Sorting by end time (not start or duration) is what makes greedy correct. | S91: Non-overlapping Intervals (bonus LC 435) = n - maxActivities. | T91: Not Started | X91: =IF(U91<>"",U91+7,C91+7)
A92: 81 | B92: 12 | C92: =Dashboard!$C$5+A92-1 | D92: Greedy | E92: Bonus | F92: Non-overlapping Intervals | G92: LeetCode | H92: 435 | I92: Open | J92: Medium | K92: Sheet P13 #1 (LC 435) | L92: Greedy (sort by end) | M92: Return the minimum number of intervals to remove so the rest are non-overlapping. | N92: - | O92: Sort by end; count kept intervals greedily; answer = n - kept. | P92: O(n log n) | Q92: O(1) | R92: Touching intervals [1,2],[2,3] do NOT overlap here. | T92: Not Started | X92: =IF(U92<>"",U92+7,C92+7)
A93: 82 | B93: 12 | C93: =Dashboard!$C$5+A93-1 | D93: Greedy | E93: Main | F93: Fractional Knapsack | G93: GFG | H93: - | I93: Open | J93: Medium | K93: Sheet P13 #2 (sheet says LC 1029 - wrong) | L93: Greedy (value/weight ratio) | M93: Items have value and weight; you may take fractions. Maximise value within capacity W. | N93: - | O93: Sort by value/weight descending. Take whole items while they fit; take a fraction of the next one; stop. | P93: O(n log n) | Q93: O(1) | R93: Sheet example: W=50 -> 60 + 100 + 80 = 240. Greedy works ONLY for fractional; 0/1 knapsack needs DP (Day 93). | S93: Why greedy fails for 0/1 knapsack. | T93: Not Started | X93: =IF(U93<>"",U93+7,C93+7)
A94: 83 | B94: 12 | C94: =Dashboard!$C$5+A94-1 | D94: Greedy | E94: Main | F94: Merge Intervals | G94: LeetCode | H94: 56 | I94: Open | J94: Medium | K94: Sheet P13 #5 | L94: Sort by start + merge | M94: Merge all overlapping intervals. | N94: Compare every pair repeatedly -> O(n^2). | O94: Sort by start. If current.start <= last.end, last.end = max(last.end, current.end); else push current. | P94: O(n log n) | Q94: O(n) | R94: Use max() for the end - an interval can be fully contained. Example: [1,3],[2,6],[8,10],[15,18] -> [1,6],[8,10],[15,18]. | S94: Insert Interval (LC 57). Meeting Rooms II (LC 253). | T94: Not Started | X94: =IF(U94<>"",U94+7,C94+7)
A95: 84 | B95: 12 | C95: =Dashboard!$C$5+A95-1 | D95: Greedy | E95: Main | F95: Jump Game II | G95: LeetCode | H95: 45 | I95: Open | J95: Medium | K95: Sheet P13 #4 | L95: Greedy (BFS levels) | M95: Return the minimum number of jumps to reach the last index (always reachable). | N95: DP: for each index try all jumps -> O(n^2). | O95: Track currentEnd and farthest. For i in 0..n-2: farthest = max(farthest, i+nums[i]); if i == currentEnd: jumps++, currentEnd = farthest. | P95: O(n) | Q95: O(1) | R95: Loop only to n-2 to avoid an extra jump. Example [2,3,1,1,4] -> 2. | S95: Jump Game (bonus LC 55). | T95: Not Started | X95: =IF(U95<>"",U95+7,C95+7)
A96: 84 | B96: 12 | C96: =Dashboard!$C$5+A96-1 | D96: Greedy | E96: Bonus | F96: Jump Game | G96: LeetCode | H96: 55 | I96: Open | J96: Medium | K96: Added | L96: Greedy | M96: Return true if you can reach the last index. | N96: - | O96: Track max reachable; if i > maxReach return false. | P96: O(n) | Q96: O(1) | T96: Not Started | X96: =IF(U96<>"",U96+7,C96+7)
A97: 85 | B97: 13 | C97: =Dashboard!$C$5+A97-1 | D97: Greedy | E97: Main | F97: Minimum Cost of Ropes / Connect Sticks | G97: LeetCode / GFG | H97: 1167 | I97: Open | J97: Easy | K97: Sheet P13 #6 | L97: Greedy + Min Heap | M97: Connect all ropes into one; cost of joining two ropes = sum of their lengths. Minimise total cost. (LC 1167 is Premium - GFG version is free.) | N97: Try all join orders -> exponential. | O97: Min heap: pop two smallest, cost += a+b, push a+b; repeat until one rope remains. | P97: O(n log n) | Q97: O(n) | R97: Same idea as Huffman coding. Example [4,3,2,6] -> 29. | T97: Not Started | X97: =IF(U97<>"",U97+7,C97+7)
A98: 86 | B98: 13 | C98: =Dashboard!$C$5+A98-1 | D98: Greedy | E98: Main | F98: Gas Station | G98: LeetCode | H98: 134 | I98: Open | J98: Medium | K98: Sheet P13 #7 | L98: Greedy | M98: Return the starting station index to travel around the circuit once, or -1. | N98: Try every start and simulate -> O(n^2). | O98: If sum(gas) < sum(cost) return -1. Else scan with tank; when tank < 0, start = i+1 and reset tank = 0. | P98: O(n) | Q98: O(1) | R98: Example gas=[1,2,3,4,5], cost=[3,4,5,1,2] -> start 3. | S98: Prove why the reset works. | T98: Not Started | X98: =IF(U98<>"",U98+7,C98+7)
A99: 87 | B99: 13 | C99: =Dashboard!$C$5+A99-1 | D99: Greedy | E99: Main | F99: Minimum Number of Coins (Greedy) | G99: GFG | H99: - | I99: Open | J99: Easy | K99: Sheet P13 #3 | L99: Greedy (largest coin first) | M99: With Indian currency denominations and infinite supply, find the minimum coins to make a value. | N99: - | O99: Pick the largest coin <= remaining amount repeatedly. | P99: O(n + amount/coin) | Q99: O(1) | R99: Greedy is correct ONLY for canonical coin systems (1,2,5,10...). For coins [1,3,4], amount 6 greedy gives 3 coins but optimal is 2 -> use DP (LC 322, Day 91). | S99: Bridge to Dynamic Programming. | T99: Not Started | X99: =IF(U99<>"",U99+7,C99+7)
A100: 88 | B100: 13 | C100: =Dashboard!$C$5+A100-1 | D100: Dynamic Programming | E100: Main | F100: Climbing Stairs | G100: LeetCode | H100: 70 | I100: Open | J100: Easy | K100: Sheet P11 #1 | L100: 1D DP (Fibonacci) | M100: You can climb 1 or 2 steps. How many distinct ways to reach step n? | N100: Plain recursion -> O(2^n). | O100: dp[i] = dp[i-1] + dp[i-2], dp[0]=dp[1]=1. Keep only two variables. | P100: O(n) | Q100: O(1) | R100: Practise all 3 forms: recursion -> memo -> tabulation -> space-optimised. | S100: Min Cost Climbing Stairs (LC 746). | T100: Not Started | X100: =IF(U100<>"",U100+7,C100+7)
A101: 89 | B101: 13 | C101: =Dashboard!$C$5+A101-1 | D101: Dynamic Programming | E101: Main | F101: House Robber | G101: LeetCode | H101: 198 | I101: Open | J101: Medium | K101: Sheet P11 #2 | L101: 1D DP (pick / skip) | M101: Maximise money robbed from houses in a row without robbing two adjacent houses. | N101: Try all subsets -> O(2^n). | O101: dp[i] = max(dp[i-1], dp[i-2] + nums[i]). Two variables prev1, prev2. | P101: O(n) | Q101: O(1) | R101: Classic take / not-take decision. | S101: House Robber II - circular (LC 213). | T101: Not Started | X101: =IF(U101<>"",U101+7,C101+7)
A102: 90 | B102: 13 | C102: =Dashboard!$C$5+A102-1 | D102: Dynamic Programming | E102: Main | F102: Unique Paths | G102: LeetCode | H102: 62 | I102: Open | J102: Medium | K102: Added (2D grid DP) | L102: 2D DP | M102: Robot moves only right/down in an m x n grid. Count paths from top-left to bottom-right. | N102: Recursion -> O(2^(m+n)). | O102: dp[i][j] = dp[i-1][j] + dp[i][j-1]; first row/col = 1. Can compress to a 1D row. | P102: O(m*n) | Q102: O(n) | R102: Intro to grid DP. Math: C(m+n-2, m-1). | S102: Unique Paths II with obstacles (LC 63). Minimum Path Sum (LC 64). | T102: Not Started | X102: =IF(U102<>"",U102+7,C102+7)
A103: 91 | B103: 13 | C103: =Dashboard!$C$5+A103-1 | D103: Dynamic Programming | E103: Main | F103: Coin Change | G103: LeetCode | H103: 322 | I103: Open | J103: Medium | K103: Sheet P13 #3 (LC 322) | L103: Unbounded Knapsack DP | M103: Return the fewest coins needed to make amount (infinite supply), or -1. | N103: Recursion over all combinations -> exponential. | O103: dp[0]=0, others = INF. For a in 1..amount, for coin c: dp[a] = min(dp[a], dp[a-c]+1). | P103: O(n * amount) | Q103: O(amount) | R103: Greedy fails here (see Day 87). Initialise with amount+1 as 'infinity'. | S103: Coin Change II (Day 92). | T103: Not Started | X103: =IF(U103<>"",U103+7,C103+7)
A104: 92 | B104: 14 | C104: =Dashboard!$C$5+A104-1 | D104: Dynamic Programming | E104: Main | F104: Coin Change II | G104: LeetCode | H104: 518 | I104: Open | J104: Medium | K104: Sheet P11 #6 | L104: Unbounded Knapsack (count ways) | M104: Return the number of combinations that make up amount. | N104: Recursion -> exponential. | O104: dp[0]=1. OUTER loop over coins, INNER over amounts: dp[a] += dp[a-coin]. | P104: O(n * amount) | Q104: O(amount) | R104: Coins outer = combinations; amounts outer = permutations (LC 377). Order matters! | S104: Combination Sum IV (LC 377). | T104: Not Started | X104: =IF(U104<>"",U104+7,C104+7)
A105: 93 | B105: 14 | C105: =Dashboard!$C$5+A105-1 | D105: Dynamic Programming | E105: Main | F105: 0/1 Knapsack | G105: GFG | H105: - | I105: Open | J105: Medium | K105: Sheet P11 #5 (sheet says LC 416 - that's Partition Subset) | L105: 2D / 1D DP | M105: Given weights and values of n items and capacity W, maximise total value; each item used at most once. | N105: Try all subsets -> O(2^n). | O105: dp[i][w] = max(dp[i-1][w], val[i] + dp[i-1][w-wt[i]]). 1D: iterate w from W DOWN to wt[i]. | P105: O(n * W) | Q105: O(W) | R105: 1D version must loop capacity BACKWARDS (otherwise items get reused = unbounded knapsack). | S105: Parent pattern for Days 91, 92, 94. | T105: Not Started | X105: =IF(U105<>"",U105+7,C105+7)
A106: 94 | B106: 14 | C106: =Dashboard!$C$5+A106-1 | D106: Dynamic Programming | E106: Main | F106: Partition Equal Subset Sum | G106: LeetCode | H106: 416 | I106: Open | J106: Medium | K106: Sheet P11 #8 | L106: Subset Sum DP (boolean) | M106: Can the array be split into two subsets with equal sum? | N106: Try all subsets -> O(2^n). | O106: If total is odd -> false. target = total/2. Boolean dp[0..target], dp[0]=true; for each num, for s from target down to num: dp[s] |= dp[s-num]. | P106: O(n * sum) | Q106: O(sum) | R106: It's 0/1 knapsack with booleans - loop backwards. | S106: Target Sum (LC 494). | T106: Not Started | X106: =IF(U106<>"",U106+7,C106+7)
A107: 95 | B107: 14 | C107: =Dashboard!$C$5+A107-1 | D107: Dynamic Programming | E107: Main | F107: Longest Increasing Subsequence | G107: LeetCode | H107: 300 | I107: Open | J107: Medium | K107: Sheet P11 #3 | L107: 1D DP / Binary Search (patience) | M107: Return the length of the longest strictly increasing subsequence. | N107: All subsequences -> O(2^n). | O107: DP: dp[i] = 1 + max(dp[j]) for j<i with nums[j]<nums[i] -> O(n^2). Optimal: tails[] + lower_bound -> O(n log n). | P107: O(n^2) / O(n log n) | Q107: O(n) | R107: tails[] is NOT the actual LIS, only its length is correct. | S107: Print the LIS. Russian Doll Envelopes (LC 354). | T107: Not Started | X107: =IF(U107<>"",U107+7,C107+7)
A108: 96 | B108: 14 | C108: =Dashboard!$C$5+A108-1 | D108: Dynamic Programming | E108: Main | F108: Longest Common Subsequence | G108: LeetCode | H108: 1143 | I108: Open | J108: Medium | K108: Sheet P11 #7 | L108: 2D DP on Strings | M108: Return the length of the longest common subsequence of two strings. | N108: All subsequences -> O(2^n). | O108: dp[i][j] = s1[i-1]==s2[j-1] ? 1 + dp[i-1][j-1] : max(dp[i-1][j], dp[i][j-1]). | P108: O(m*n) | Q108: O(m*n) (O(n) with rolling rows) | R108: Use (m+1) x (n+1) table so row/col 0 represent empty strings. | S108: Print the LCS. Shortest Common Supersequence (LC 1092). | T108: Not Started | X108: =IF(U108<>"",U108+7,C108+7)
A109: 97 | B109: 14 | C109: =Dashboard!$C$5+A109-1 | D109: Dynamic Programming | E109: Main | F109: Edit Distance | G109: LeetCode | H109: 72 | I109: Open | J109: Medium | K109: Sheet P11 #4 | L109: 2D DP on Strings | M109: Minimum insert / delete / replace operations to convert word1 into word2. | N109: Recursion over the 3 operations -> O(3^(m+n)). | O109: If chars match dp[i][j]=dp[i-1][j-1]; else 1 + min(dp[i-1][j] (delete), dp[i][j-1] (insert), dp[i-1][j-1] (replace)). Base dp[i][0]=i, dp[0][j]=j. | P109: O(m*n) | Q109: O(m*n) (O(n) optimised) | R109: Get the base cases right - they represent converting to/from an empty string. | S109: One Edit Distance. Delete Operation for Two Strings (LC 583). | T109: Not Started | X109: =IF(U109<>"",U109+7,C109+7)
A110: 98 | B110: 14 | C110: =Dashboard!$C$5+A110-1 | D110: Capstone (Design & Backtracking) | E110: Main | F110: LRU Cache | G110: LeetCode | H110: 146 | I110: Open | J110: Medium | K110: Added (most-asked design problem) | L110: HashMap + Doubly Linked List | M110: Design a cache with get and put in O(1) that evicts the least recently used key when full. | N110: Array/list with linear search for LRU -> O(n). | O110: HashMap key -> node; doubly linked list ordered by recency (head = most recent). On get/put move node to head; evict from tail. | P110: O(1) per op | Q110: O(capacity) | R110: Use dummy head and tail nodes. Update the map when evicting. | S110: LFU Cache (LC 460). | T110: Not Started | X110: =IF(U110<>"",U110+7,C110+7)
A111: 99 | B111: 15 | C111: =Dashboard!$C$5+A111-1 | D111: Capstone (Design & Backtracking) | E111: Main | F111: Subsets | G111: LeetCode | H111: 78 | I111: Open | J111: Medium | K111: Added (backtracking - not in sheet) | L111: Backtracking | M111: Return all possible subsets (the power set) of distinct integers. | N111: - | O111: Backtrack(start, path): add a copy of path; for i from start: add nums[i], recurse(i+1), remove. | P111: O(n * 2^n) | Q111: O(n) | R111: Add a COPY of path to the result. Also know the bitmask approach. | S111: Subsets II with duplicates (LC 90). | T111: Not Started | X111: =IF(U111<>"",U111+7,C111+7)
A112: 99 | B112: 15 | C112: =Dashboard!$C$5+A112-1 | D112: Capstone (Design & Backtracking) | E112: Bonus | F112: Permutations | G112: LeetCode | H112: 46 | I112: Open | J112: Medium | K112: Added | L112: Backtracking | M112: Return all permutations of distinct integers. | N112: - | O112: Backtrack with a used[] array; when path length == n, record a copy. | P112: O(n * n!) | Q112: O(n) | S112: Permutations II (LC 47). | T112: Not Started | X112: =IF(U112<>"",U112+7,C112+7)
A113: 100 | B113: 15 | C113: =Dashboard!$C$5+A113-1 | D113: Capstone (Design & Backtracking) | E113: Main | F113: Word Search | G113: LeetCode | H113: 79 | I113: Open | J113: Medium | K113: Added (grid DFS + backtracking) | L113: DFS + Backtracking | M113: Return true if word exists in the grid via sequentially adjacent cells (each cell used once). | N113: - | O113: From each cell matching word[0], DFS 4 directions; mark cell visited (e.g., '#'), recurse, then restore. | P113: O(m*n * 3^L) | Q113: O(L) | R113: Restore the cell after recursion (backtrack). Prune early on mismatch. | S113: Word Search II with a Trie (LC 212). | T113: Not Started | X113: =IF(U113<>"",U113+7,C113+7)

Sheet Pattern Cheatsheet
A1: Topic | B1: When to Use / Recognise It | C1: Template / Must-Remember (from your sheet)
A2: Arrays | B2: Hashing, Prefix/Suffix, Kadane, Sliding Window, Two Pointers, Sorting/Greedy patterns. | C2: Kadane: cur = max(x, cur+x); best = max(best, cur) Boyer-Moore: count==0 → candidate = x Prefix × Suffix for 'except self'
A3: Strings | B3: Two Pointers → palindrome/reverse. Hashing → anagram/frequency/grouping. Sliding Window → longest substring. Prefix matching. Simulation → compression. | C3: int[26] frequency array for lowercase letters Canonical key (sorted / counts) for grouping
A4: Two Pointers | B4: Pairs/triplets; array sorted or can be sorted; min/max with two values. | C4: left = 0, right = n-1 while left < right: if condition: move left or right
A5: Sliding Window | B5: Subarray/substring; longest/shortest with a condition; positive elements / counts. | C5: left = 0 for right in range(n): add nums[right] while window invalid: remove nums[left]; left += 1 update answer
A6: Hashing & Prefix Sum | B6: Fast lookup / counting / grouping; range or subarray sums; convert O(n²) → O(n). | C6: prefix[i] = sum(0..i); sum(i,j) = prefix[j] - prefix[i-1] Count subarrays with sum k: ans += map[prefix-k], seed {0:1} Longest: store FIRST index of each prefix
A7: Linked List | B7: Pointer manipulation, cycle detection, middle, k-th from end. | C7: Dummy node for head edge cases Fast (2x) & Slow (1x): cycle, middle Reverse: prev, curr, next Insert/Delete at head O(1); at tail/position O(n)
A8: Stacks & Queues | B8: Matching brackets, next greater/smaller, expression evaluation, histogram, sliding window max. | C8: Monotonic stack: while stack and cur > stack.top: pop & resolve Store indices when you need distances/widths Queue via 2 stacks: amortized O(1)
A9: Binary Search | B9: Sorted data or a MONOTONIC condition; ordered answer space; min/max feasible value. | C9: while lo <= hi: mid = lo + (hi-lo)//2 if condition(mid): ans = mid; hi = mid-1 else: lo = mid+1 Use long for mid*mid; watch for infinite loops
A10: Trees & BST | B10: Hierarchical data. DFS for paths/heights/LCA; BFS for level-order/min steps. | C10: Pre: Root-L-R | In: L-Root-R | Post: L-R-Root BST: left < node < right; inorder is sorted Height template: 1 + max(L, R), update global answer
A11: Heaps / Priority Queue | B11: K largest/smallest, merge K sorted, streaming median, scheduling, Dijkstra, Huffman. | C11: K largest → MIN heap of size k; K smallest → MAX heap Push/Pop O(log n), Peek O(1), Build O(n) Children of i: 2i+1, 2i+2; Parent: (i-1)//2
A12: Graphs (BFS / DFS) | B12: Relationships, grids, connectivity, dependencies (topological sort). | C12: Adjacency list (space-efficient) vs matrix (fast lookup) Undirected cycle: visited neighbour ≠ parent Kahn's: indegree 0 → queue → pop → decrement neighbours
... A16: Complexity Guide | B16: Constraint → target complexity. | C16: n ≤ 10 → O(n!) | n ≤ 20 → O(2^n) | n ≤ 500 → O(n³) n ≤ 10^4 → O(n²) | n ≤ 10^6 → O(n log n) / O(n) | bigger → O(log n) / O(1)

Sheet Sheet Corrections
A1: Problem on your sheet | B1: Sheet says | C1: Actually | D1: What this plan does
A2: 0/1 Knapsack (P11 #5) | B2: LC 416 | C2: LC 416 = Partition Equal Subset Sum | D2: 0/1 Knapsack on GFG (Day 93); LC 416 on Day 94.
A3: Sort Nearly Sorted Array (P9 #6) | B3: LC 1046 | C3: LC 1046 = Last Stone Weight | D3: Nearly-sorted on GFG (Day 63); Last Stone Weight added as heap warm-up (Day 60).
A4: Activity Selection (P13 #1) | B4: LC 435 | C4: LC 435 = Non-overlapping Intervals (related) | D4: Activity Selection on GFG (Day 81) + LC 435 as bonus.
A5: Fractional Knapsack (P13 #2) | B5: LC 1029 | C5: LC 1029 = Two City Scheduling | D5: Fractional Knapsack on GFG (Day 82).
A6: Articulation Points (P12 #5) | B6: LC 1125 | C6: LC 1125 = Smallest Sufficient Team | D6: Articulation Point on GFG (Day 80).
A7: Detect Negative Cycle (P12 #3) | B7: LC 209 | C7: LC 209 = Minimum Size Subarray Sum | D7: Bellman-Ford on GFG (Day 76) + LC 787 bonus.
A8: Detect Cycle Undirected (P10 #3) | B8: LC 547 | C8: LC 547 = Number of Provinces | D8: Both included: LC 547 (Day 68) and GFG cycle detection (Day 69).
A9: Min Number of Coins (P13 #3) | B9: Greedy, LC 322 | C9: LC 322 needs DP; greedy only works for canonical coins | D9: Greedy version on GFG (Day 87); LC 322 with DP (Day 91).
A10: Search in Sorted Matrix (P7B #6) | B10: O(m + log n) | C10: Staircase search is O(m + n) | D10: Corrected complexity on Day 49.
A11: Subarray with Given Sum K (P4 #5) | B11: LC 325 | C11: LC 325 is Premium | D11: Free GFG version linked (Day 26).
A12: Min Cost to Connect Ropes (P13 #6) | B12: LC 1167 | C12: LC 1167 is Premium | D12: Free GFG version linked (Day 85).
... A14: Missing topic | B14: — | C14: Backtracking & design (LRU) not on the sheet but very commonly asked | D14: Added on Days 98–100 as a capstone.
